row_number,edd_outcome,confidence_score,confidence_reason
1,1,0.95,"SAR filed, account closed and unverifiable source of wealth with suspicious transactions."
2,0,0.95,"No adverse findings, source of wealth verified."
3,1,0.95,SAR filed and explicit narcotics trafficking connections confirmed.
4,0,1.0,Explicit outcome states no suspicious activity identified.
5,1,0.98,"SAR filed, account closed and suspicious activity indicators confirmed."
6,0,1.0,"No suspicious patterns, no adverse media or watchlist hits — explicit clean outcome."
7,0,1.0,"Explicit outcome: case closed, no suspicious activity found."
8,0,0.9,"Explicit outcome: case closed, no suspicious activity found."
9,0,1.0,No suspicious activity and no action warranted — explicit clean-case indicators.
10,1,0.95,SAR filed and explicit ties to narcotics trafficking organization
11,0,1.0,No suspicious activity identified and case closed with no action required.
12,1,0.98,SAR filed and account closed — explicit outcome.
13,0,1.0,Explicit outcome: no adverse action and clean history.
14,0,1.0,No suspicious activity identified and no adverse action required.
15,1,0.99,SAR filed and account closed — explicit outcome.
16,0,0.9,No suspicious activity identified and case closed with no action.
17,0,1.0,No suspicious activity identified and review was deemed clean.
18,1,0.95,SAR filed and account closed — explicit outcome.
19,0,1.0,"No suspicious activity, all KYC up-to-date, and no adverse signals."
20,1,0.95,"SAR filed, account closed and unverifiable source of wealth."
21,1,0.95,SAR filed and law enforcement involvement.
22,0,1.0,No suspicious activity found and case explicitly closed.
23,1,0.99,SAR filed and multiple adverse media links to financial fraud investigation.
24,0,1.0,Explicit outcome: case closed with no adverse findings.
25,1,0.99,"SAR filed, account closed, and law enforcement involvement confirmed."
26,0,0.99,No suspicious activity identified and source of wealth fully documented.
27,1,0.95,SAR filed and explicit mention of financial fraud investigation.
28,0,1.0,Alert resolved and case closed with no adverse findings.
29,0,1.0,"No suspicious activity identified, and no SAR, referral, or legal hold."
30,0,1.0,Case explicitly states 'no adverse findings' and is marked as 'case closed'.
31,1,0.95,SAR filed and relationship exited — explicit outcome.
32,1,0.95,SAR filed and clear connection to narcotics trafficking organization.
33,0,1.0,"Explicit outcome, no suspicious activity identified."
34,1,0.95,SAR filed and account closed — explicit outcome.
35,1,0.98,Confirmed trade-based money laundering and SAR filed.
36,1,0.95,SAR filed and relationship terminated — strong adverse indicators.
37,0,1.0,"Explicit outcome: no adverse action, clean history, and source of funds verified."
38,0,1.0,"No suspicious activity identified, no SAR or referral."
39,0,1.0,Explicit outcome: case closed / no action.
40,1,0.98,SAR filed and account closed — explicit outcome.
41,1,0.95,SAR filed and relationship terminated — explicit outcome.
42,1,0.98,SAR filed and account restricted — explicit outcome.
43,0,0.9,"No SAR, referral, or legal hold; account remains open and next review scheduled."
44,0,1.0,Explicit outcome — case closed/no action/monitoring only.
45,1,0.98,SAR filed and account closed — explicit outcome.
46,1,0.95,SAR filed and account restricted — explicit outcome.
47,1,0.95,SAR filed and account closed due to explicit adverse media findings and unexplained inflows.
48,0,1.0,Explicit outcome — case closed with no adverse findings.
49,1,0.98,"SAR filed, account closed and confirmed financial crime indicators."
50,0,1.0,"No suspicious patterns, account has been clean for years, and no adverse media or watchlist hits."
51,1,0.95,SAR filed and source of wealth unverifiable with escalation.
52,0,1.0,No suspicious activity identified and no SAR or referral mentioned.
53,0,1.0,Explicit outcome: case closed and no adverse action.
54,0,1.0,"No suspicious activity, case closed and no action taken."
55,1,0.95,SAR filed and account restricted — explicit outcome.
56,1,0.95,SAR filed and relationship terminated due to high-risk transactions.
57,0,1.0,Explicit outcome — no suspicious activity identified and enhanced monitoring only.
58,0,0.95,"No SAR, referral, or legal hold and account remains open with no adverse findings."
59,0,1.0,"Explicit outcome: no adverse action, clean history, and all explanations provided."
60,0,1.0,"Clean review with no adverse findings, all accounts and activities consistent with expected profiles."
61,0,1.0,"Explicit outcome: no suspicious activity identified, clean history, and source of funds explained."
62,0,1.0,Explicit outcome: no adverse actions and fully documented source of wealth.
63,0,0.9,Outcome explicitly states 'No suspicious activity identified' with enhanced monitoring only.
64,0,1.0,No suspicious activity and all documentation renewed — explicit clean-case indicators.
65,1,0.95,SAR filed and explicit mention of financial fraud investigation.
66,0,1.0,Case was explicitly closed with no adverse findings.
67,1,0.95,"SAR filed, relationship exited, and confirmed financial crime indicators present."
68,1,0.95,"SAR filed, clear connection to narcotics trafficking organization and suspicious transaction patterns."
69,1,0.98,SAR filed and explicit mention of narcotics trafficking organization.
70,1,0.95,SAR filed and account closed — explicit outcome.
71,0,0.95,Explicit outcome: case closed with no adverse findings.
72,0,0.95,"No adverse actions or signals, only monitoring recommended for future review."
73,1,0.95,SAR filed and account closed — explicit outcome.
74,1,0.99,SAR filed and account closed — explicit outcome.
75,0,1.0,"No suspicious activity identified, case closed with no action."
76,0,1.0,Explicit clean outcome with no suspicious activity found and case closed.
77,1,0.98,"SAR filed, account closed, and multiple suspicious indicators."
78,1,0.95,"SAR filed, account restriction, and confirmed structuring behavior — explicit indicators of money laundering."
79,1,0.95,"SAR filed, account cancelled and law enforcement hold — explicit outcome."
80,0,0.95,No suspicious activity identified and case closed without additional action.
81,0,1.0,Explicit outcome: case closed / no action.
82,0,0.9,No suspicious activity identified and no adverse actions taken.
83,0,0.95,No suspicious activity identified and case closed without additional action.
84,1,0.95,SAR filed and strong correlation to narcotics trafficking indicators.
85,1,0.95,SAR filed and account closed — explicit outcome.
86,1,0.95,SAR filed and account cancelled — explicit outcome.
87,0,0.95,No adverse signals and clear documentation of source of wealth.
88,0,1.0,"No suspicious activity identified, case closed with no additional action."
89,0,1.0,"Explicit outcome: no suspicious patterns, account has been open for 12 years with consistent activity."
90,1,0.99,SAR filed and account closed — explicit outcome.
91,1,0.95,SAR filed and account closed — explicit outcome.
92,0,1.0,Explicit outcome: case closed with no adverse findings.
93,1,0.95,SAR filed and explicit connections to narcotics trafficking organization.
94,0,1.0,Case was explicitly closed with no adverse findings.
95,1,0.98,SAR filed and account closed — explicit outcome.
96,1,0.99,SAR filed and explicit financial crime indicators
97,0,0.99,"Explicit outcome: no suspicious activity, no adverse media, and all KKY documentation renewed."
98,1,0.95,SAR filed and account closed — explicit outcome.
99,0,1.0,No suspicious activity identified and no adverse actions taken.
100,1,0.99,"SAR filed, account closed and confirmed financial crime indicators."
101,0,1.0,"No suspicious patterns, clean history, and no adverse findings — explicit clean-case indicators."
102,1,0.99,SAR filed and account closed — explicit outcome.
103,1,0.95,SAR filed and account closed — explicit outcome.
104,0,1.0,No suspicious activity identified and case closed with no adverse findings.
105,0,0.9,Explicit outcome: case closed without additional action.
106,1,0.99,SAR filed and account closed — explicit outcome.
107,0,1.0,"No suspicious activity identified, case closed without additional action."
108,0,1.0,Case explicitly states 'no adverse findings' and was closed without a SAR.
109,0,0.9,No adverse actions and no suspicious activity identified — explicit clean review.
110,1,0.99,SAR filed and explicit adverse media findings.
111,1,0.95,SAR filed and relationship terminated — explicit outcome.
112,0,0.9,Explicit outcome: no suspicious activity identified and source of wealth fully documented.
113,1,0.95,SAR filed and significant trade-based money laundering indicators.
114,1,0.95,SAR filed and relationship terminated — explicit outcome.
115,1,0.95,SAR filed and confirmed financial crime indicators.
116,0,1.0,Explicit outcome with 'No suspicious activity identified' and no adverse findings.
117,1,0.95,"SAR filed, account closed, and confirmed darknet marketplace connection."
118,1,0.99,SAR filed and account closed — explicit outcome.
119,1,0.99,SAR filed and account closed — explicit outcome.
120,1,0.95,SAR filed and account closed — explicit outcome.
121,0,1.0,Explicit outcome: case closed / no action
122,0,1.0,Explicit outcome: EDD outcome already classified as negative with no action required.
123,0,1.0,"No suspicious activity identified, case closed without further action."
124,1,0.95,SAR filed and account closed — explicit outcome.
125,0,1.0,No adverse action and case closed with clean review.
126,0,1.0,"Explicit outcome: no SAR, referral, or legal hold; account remains open and next review scheduled."
127,1,0.99,SAR filed and account closed — explicit outcome.
128,0,1.0,No suspicious activity identified and no adverse media or sanctions matches.
129,0,1.0,"Explicit outcome — no SAR, no account restrictions, and no adverse actions taken."
130,0,0.9,Explicit outcome: no suspicious activity identified and source of wealth fully documented.
131,1,0.95,SAR filed and account closed — explicit outcome.
132,1,0.99,SAR filed and explicit financial fraud indicators present.
133,1,0.95,SAR filed and account restricted — explicit adverse action.
134,0,0.9,Case explicitly states 'case closed' with no adverse action.
135,1,0.95,SAR filed and relationship exited due to customer's connection to a narcotics trafficking organization.
136,0,0.99,Clean review with no adverse findings or actions.
137,1,0.95,SAR filed and account closed — explicit outcome.
138,0,1.0,"Explicit outcome: no SAR, referral, or legal hold and case closed/no action/monitoring only."
139,1,0.95,SAR filed and account relationship terminated — explicit outcome.
140,0,0.95,Clear indication of a clean review and no adverse action.
141,1,0.95,SAR filed and account closed — explicit outcome.
142,1,0.98,SAR filed and account closed — explicit outcome.
143,0,1.0,"No suspicious activity identified, no adverse action required."
144,0,1.0,"No suspicious activity found and case closed, explicit clean outcome."
145,0,1.0,"No SAR, referral, or legal hold; account remains open and next review scheduled."
146,1,0.99,SAR filed and account closed — explicit outcome.
147,0,0.95,Clean review with no adverse indicators or findings.
148,0,0.9,"Explicit outcome: case closed, no suspicious activity found."
149,0,1.0,Alert resolved and case closed with no adverse findings.
150,0,1.0,No suspicious activity identified and case closed without further action.
151,1,0.95,SAR filed and account closed — explicit outcome.
152,0,0.9,Explicit outcome: no suspicious activity identified and no adverse action required.
153,0,1.0,"No suspicious activity and no adverse action indicated, clear clean case."
154,0,1.0,"Explicit outcome: 'EDD closed, no action required'."
155,1,0.99,SAR filed and account closed — explicit outcome.
156,1,0.95,SAR filed and explicit confirmation of financial fraud investigation.
157,1,0.95,SAR filed and account closed — explicit outcome.
158,0,1.0,Explicit clean-case indicators and case closure.
159,1,0.99,SAR filed and confirmed connection to narcotics trafficking organization.
160,1,0.98,"SAR filed, account closed and source of wealth unverifiable with no further action taken."
161,0,0.9,Case was closed and deemed clean after review.
162,0,1.0,"No suspicious activity identified, case closed without further action."
163,1,0.99,SAR filed and relationship terminated — explicit outcome.
164,0,0.9,Explicit outcome — no suspicious activity identified and all source of wealth explained.
165,0,0.9,Explicit outcome: no suspicious activity identified and no action required.
166,0,0.95,"Explicit outcome, case closed with no action required."
167,0,0.9,"Explicit outcome: case closed, no suspicious activity identified."
168,0,0.9,Explicit outcome of no suspicious activity identified.
169,0,0.9,Explicit clean outcome with no adverse findings and next review scheduled.
170,0,1.0,No suspicious activity identified and case closed without further action.
171,1,0.95,"SAR filed, account holder's claimed business not licensed, and suspicious bulk wire transfers."
172,0,1.0,"No adverse signals, all documentation provided and next review scheduled."
173,1,0.95,SAR filed and explicit connections to narcotics trafficking organization.
174,0,0.9,"No SAR, referral, or legal hold; account remains open with consistent activity and no adverse findings."
175,1,0.99,SAR filed and account closed — explicit outcome.
176,1,0.99,SAR filed and account closed — explicit outcome.
177,0,1.0,"Explicit outcome: no adverse action, clean history."
178,0,1.0,Clean review with no suspicious patterns and no adverse actions.
179,0,1.0,No suspicious activity identified and case closed without additional action.
180,0,1.0,"Explicit outcome: no suspicious patterns, account remains open, and no action required."
181,0,0.9,"Explicit outcome: no adverse action, monitoring recommended."
182,1,0.99,SAR filed and clear indication of OFAC secondary sanctions.
183,1,0.99,SAR filed and account closed — explicit outcome.
184,0,1.0,No suspicious activity identified and case closed without additional action.
185,0,1.0,"Explicit outcome — no suspicious activity, no SAR, and no adverse action."
186,1,0.95,"SAR filed, account closed and relationship terminated — strong signal."
187,0,1.0,Explicit outcome: clean review with no adverse findings.
188,0,1.0,Outcome explicitly states 'No suspicious activity identified' and monitoring only
189,0,1.0,No suspicious activity identified and outcome states: case closed / no action.
190,1,0.95,SAR filed and explicit mention of financial fraud investigation.
191,0,0.95,"Clean EDD with no adverse findings and next review scheduled, explicit negative outcome."
192,0,0.9,"No suspicious activity identified, only enhanced monitoring recommended."
193,0,0.9,"No adverse signals, only a clean case with next review scheduled."
194,1,0.95,SAR filed and OFAC secondary sanctions concern — explicit outcome.
195,0,1.0,Explicit outcome: case closed with no suspicious activity.
196,1,0.95,SAR filed and account closed — explicit outcome.
197,1,0.95,"SAR filed, account closed and law enforcement hold — strong signals of adverse activity."
198,1,0.95,"SAR filed and confirmed financial crime indicators (unverifiable source of wealth, shell companies)"
199,0,0.95,"No suspicious patterns, daily sales reconciliation, and no adverse media or watchlist hits indicate a clean review."
200,0,1.0,No suspicious activity identified and no adverse action mentioned.
201,1,0.95,SAR filed and confirmed financial crime indicators present.
202,1,0.95,SAR filed and significant ties to narcotics trafficking organization.
203,0,1.0,"No suspicious activity identified, no SAR or referral, and no adverse action."
204,1,0.9,SAR filed and account relationship terminated — explicit outcome.
205,1,0.95,SAR filed and account closed — explicit outcome.
206,0,1.0,Explicit outcome: EDD outcome already stated as negative.
207,0,0.9,Explicit outcome: EDD outcome negative and no action required.
208,1,0.95,"SAR filed, account restricted and clear trade-based money laundering indicators."
209,1,0.95,SAR filed and account closed — explicit outcome.
210,0,0.95,"No adverse findings or actions taken, account remains open for review."
211,0,1.0,No suspicious activity identified and no adverse action required.
212,1,0.95,SAR filed and account closed — explicit outcome.
213,1,0.95,Explicit mention of SAR filed and account closed.
214,1,0.99,"SAR filed, account cancelled and law enforcement hold placed — explicit outcome."
215,1,0.95,SAR filed and multiple adverse media links to financial fraud investigation.
216,1,0.95,"SAR filed, account cancelled and law enforcement hold placed — explicit outcome."
217,1,0.95,SAR filed and source of wealth unverifiable.
218,0,1.0,No suspicious activity identified and no adverse action required.
219,1,0.98,"SAR filed, multiple indicators of money laundering, and account restrictions."
220,1,0.99,SAR filed and account closed — explicit outcome.
221,1,0.98,SAR filed and account restricted — explicit outcome.
222,0,0.9,Explicit negative outcome with no adverse actions mentioned.
223,0,1.0,No suspicious activity identified and case closed without further action.
224,1,0.99,SAR filed and explicit financial crime indicators present.
225,0,1.0,No suspicious activity identified and no adverse action required.
226,1,0.99,SAR filed and account closed — explicit outcome.
227,1,0.98,"SAR filed, explicit indication of structuring behavior, and account restriction."
228,1,0.99,"SAR filed, account restricted and trade-based money laundering indicators present."
229,1,0.98,SAR filed and significant trade-based money laundering indicators present.
230,1,0.95,SAR filed and confirmed ties to narcotics trafficking organization.
231,1,0.95,SAR filed and account closed — explicit outcome.
232,0,0.9,Explicit outcome with no adverse findings.
233,0,1.0,Clear outcome states no suspicious activity and account remains open.
234,0,0.95,Clear statement of 'no action required' and review closed with no adverse findings.
235,0,0.9,No suspicious activity identified and case closed without further action.
236,0,1.0,Explicit outcome stating 'negative' and no action required.
237,0,0.95,No suspicious activity identified and no adverse action required.
238,1,0.99,SAR filed and source of wealth unverifiable.
239,1,0.95,SAR filed and OFAC secondary sanctions involvement — explicit outcome.
240,1,0.99,SAR filed and account closed — explicit outcome.
241,1,0.95,SAR filed and clear connections to a narcotics trafficking organization.
242,1,0.95,SAR filed and account closed — explicit outcome.
243,1,0.95,SAR filed and account closed — explicit outcome.
244,0,1.0,Explicit outcome: EDD closed with no action required.
245,1,0.9,SAR filed and source of wealth unverifiable — strong adverse indicators.
246,0,1.0,Explicit outcome: case closed with no adverse findings.
247,1,0.95,"SAR filed, account closed, and adverse media review indicate explicit evidence of financial crime."
248,0,1.0,"No suspicious activity identified, no adverse action required."
249,0,1.0,No suspicious activity identified and no adverse action mentioned.
250,0,1.0,Explicit outcome: EDD outcome negative with no action required.
251,1,0.95,"SAR filed, relationship exited, and strong links to narcotics trafficking organization."
252,0,0.9,Explicit narrative states 'EDD outcome negative' with no adverse findings.
253,0,1.0,"Explicit outcome, no SAR filed, account remains open and clean history."
254,1,0.99,SAR filed and relationship exited — explicit outcome.
255,1,0.95,SAR filed and account closed — explicit outcome.
256,1,0.95,"SAR filed, account closed, and adverse media review."
257,0,1.0,"Explicit outcome: no adverse media, no suspicious activity, and full documentation of source of wealth."
258,0,1.0,"Explicit outcome: case closed, no suspicious activity found."
259,1,0.95,SAR filed and account closed — explicit outcome.
260,1,0.99,"SAR filed, law enforcement hold, and account cancellation — explicit outcome."
261,1,0.95,SAR filed and account closed — explicit outcome.
262,1,0.95,SAR filed and strong indicators of trade-based money laundering.
263,1,0.95,SAR filed and significant trade-based money laundering indicators.
264,0,0.9,Explicit outcome of 'No suspicious activity identified'.
265,1,0.95,SAR filed and account closed — explicit outcome.
266,0,0.99,"No SAR filed, no adverse action mentioned, and case is clean."
267,0,1.0,Clear indication of a clean case with no adverse findings or actions.
268,0,1.0,"No adverse findings or indicators, clean case with documented source of wealth and consistent activity."
269,0,1.0,"No suspicious activity identified, fully compliant client."
270,0,1.0,"Explicit outcome: no SAR filed, account remains open, and no adverse action."
271,0,1.0,Explicit outcome: case closed / no action / monitoring only.
272,1,0.95,SAR filed and account closed — explicit outcome.
273,1,0.99,SAR filed and explicit fraud indicators present.
274,1,0.9,SAR filed and source of wealth unverifiable — explicit outcome.
275,0,1.0,No suspicious activity identified and no adverse action required.
276,1,0.95,SAR filed and account closed — explicit outcome.
277,1,0.9,SAR filed and account closed — explicit outcome.
278,1,0.9,SAR filed and relationship exited — explicit outcome.
279,1,0.99,SAR filed and relationship terminated — strong positive indicators.
280,1,0.98,SAR filed and explicit structuring behavior confirmed.
281,0,1.0,No suspicious activity found and case is explicitly closed.
282,0,0.9,"Explicit outcome: case closed, no suspicious activity found."
283,1,0.98,SAR filed and account closed — explicit outcome.
284,1,0.99,"SAR filed, law enforcement hold, and account cancellation indicate a clear adverse outcome."
285,0,1.0,No suspicious activity identified and review was closed with no action.
286,1,0.98,"SAR filed, account restricted, and confirmed money laundering indicators."
287,0,1.0,"No adverse indicators, case explicitly closed."
288,0,0.9,No suspicious activity identified and EDD closed with no action.
289,0,1.0,No suspicious activity identified and outcome states case closed / no action.
290,0,0.95,Explicit outcome — case closed and no suspicious activity found.
291,1,0.98,SAR filed and account closed — explicit outcome.
292,0,0.95,No suspicious activity identified and account remains open with a planned future review.
293,0,0.9,Explicit outcome: no suspicious activity and account remains open.
294,1,0.95,SAR filed and confirmed links to narcotics trafficking organization.
295,0,0.95,Explicit outcome: case closed with no adverse findings.
296,0,1.0,"Explicit outcome: no suspicious activity, all clean-case indicators present."
297,0,1.0,"No suspicious patterns, no SAR, and outcome explicitly states case closed with no action."
298,1,0.99,SAR filed and explicit mention of financial fraud investigation.
299,1,0.95,SAR filed and confirmed connection to narcotics trafficking organization.
300,1,0.99,"SAR filed, account cancelled, and law enforcement hold — explicit outcome."
301,0,1.0,No suspicious activity identified and EDD was closed with no action.
302,0,1.0,"No suspicious activity identified, case closed with no further action."
303,1,0.95,SAR filed and structured behavior confirmed by multiple deposits below CTR threshold.
304,0,1.0,"Explicit outcome: no suspicious activity found, case closed."
305,1,0.95,SAR filed and source of wealth unverifiable — explicit indicators.
306,1,0.95,SAR filed and account closed — explicit outcome.
307,1,0.95,SAR filed and account closed — explicit outcome.
308,0,1.0,No suspicious activity identified and no adverse action required.
309,1,0.98,"SAR filed, account closed, and adverse media investigation"
310,1,0.95,"SAR filed, account holder's claims are suspicious, and multiple red flags identified."
311,1,0.98,"SAR filed, account closed and unusual transactions pattern identified."
312,0,1.0,"No suspicious activity identified, no SAR or referral."
313,1,0.95,SAR filed and relationship terminated — explicit outcome.
314,1,0.98,SAR filed and explicit evidence of structuring behavior.
315,0,0.95,"Explicit outcome: no SAR filed, account remains open, and case closed with no action."
316,1,0.95,SAR filed and relationship terminated — explicit outcome.
317,0,1.0,"No suspicious activity identified, case closed without additional action."
318,1,0.95,SAR filed and trade-based money laundering indicators present — explicit outcome.
319,0,0.95,Case explicitly stated as 'case closed' with no adverse findings.
320,1,0.95,SAR filed and explicit indication of OFAC secondary sanctions
321,1,0.95,SAR filed and account restrictions — explicit outcome.
322,1,0.99,"SAR filed, law enforcement hold, and account cancellation confirm adverse action."
323,0,1.0,Explicit outcome — no suspicious activity identified and no adverse action.
324,1,0.95,SAR filed and relationship terminated — explicit outcome.
325,0,1.0,Explicit outcome: case closed/no action.
326,0,0.95,Explicit outcome: case closed and no adverse action.
327,1,0.98,SAR filed and account closed — explicit outcome.
328,0,1.0,Explicit outcome — case closed/no action recommended.
329,0,1.0,Explicit outcome: case closed with no suspicious activity identified.
330,1,0.98,SAR filed and account closed — explicit outcome.
331,1,0.95,SAR filed and source of wealth unverifiable
332,0,1.0,"Explicit outcome states no suspicious activity, account remains open, and case closed with no action."
333,1,0.95,SAR filed and account restricted — explicit outcome.
334,0,1.0,"Explicit outcome: no suspicious patterns, account remains open, and no action required."
335,0,1.0,"No adverse findings, and source of wealth is fully documented."
336,0,1.0,"Explicit outcome: case closed, no suspicious activity found."
337,0,1.0,Explicit outcome: case closed with no action required.
338,0,1.0,"Explicit outcome: no adverse media, no PEP or sanctions matches, and source of wealth fully documented."
339,1,0.99,SAR filed and account restricted — explicit adverse action.
340,0,1.0,Clean review with no adverse findings and full documentation.
341,1,0.95,SAR filed and account closed — explicit outcome.
342,0,0.75,Monitoring continued with no adverse action taken.
343,0,1.0,"No suspicious activity, SAR not filed, and no adverse action mentioned."
344,0,0.9,Explicit outcome: case closed with no adverse action.
345,0,1.0,Explicit clean-case outcome with no adverse findings.
346,0,1.0,Explicit mention of 'negative' and 'no action required' indicates a clean review.
347,0,1.0,No suspicious activity identified and no adverse action required.
348,1,0.95,SAR filed and account closed due to OFAC secondary sanctions.
349,0,1.0,Explicit outcome: no suspicious activity identified and no adverse action required.
350,1,0.95,SAR filed and source of wealth unverifiable.
351,0,1.0,"No adverse signals or findings, only clean outcomes."
352,0,1.0,No suspicious activity identified and case closed with no additional action.
353,1,0.99,SAR filed and explicit structuring behavior identified.
354,1,0.95,"SAR filed, account cancelled and law enforcement hold — explicit outcome."
355,1,0.95,SAR filed and account closed — explicit outcome.
356,1,0.95,SAR filed and account closed due to OFAC secondary sanctions violations.
357,0,0.9,Explicit outcome: case closed and no suspicious activity found.
358,1,0.98,SAR filed and account closed — explicit outcome.
359,1,0.95,"SAR filed, law enforcement hold, and account cancellation — explicit adverse outcome."
360,1,0.99,SAR filed and account closed — explicit outcome.
361,1,0.99,SAR filed and account closed — explicit outcome.
362,0,1.0,Explicit outcome: case closed with no suspicious activity.
363,0,1.0,Clear indication of a clean review with no suspicious activity or adverse findings.
364,0,1.0,Explicit outcome: case closed with no adverse findings.
365,0,1.0,No suspicious activity identified and no adverse action required.
366,0,0.9,"Explicit outcome: EDD outcome negative, no action required."
367,0,0.9,Explicit outcome with no suspicious activity identified and enhanced monitoring recommended.
368,0,1.0,"Explicit outcome: no adverse media, PEP or sanctions matches, and source of wealth documented."
369,0,0.9,"No SAR, no account restrictions or closures, and only monitoring recommended."
370,1,0.95,SAR filed and significant evidence of trade-based money laundering.
371,1,0.99,SAR filed and account restricted indicate clear adverse action.
372,1,0.95,SAR filed and account relationship terminated — explicit outcome.
373,1,0.95,SAR filed and account closed — explicit outcome.
374,1,0.99,SAR filed and account closed — explicit outcome.
375,0,1.0,"Explicit outcome: no suspicious activity identified, and source of wealth is fully documented."
376,0,1.0,Explicit outcome: no adverse action or indication.
377,0,1.0,Explicit outcome: case closed with no action required.
378,1,0.95,SAR filed and account closed — explicit outcome.
379,0,1.0,"No suspicious activity identified, case closed with no action."
380,0,1.0,No suspicious activity found and case is closed.
381,0,0.95,"No adverse findings or actions, next review scheduled."
382,1,0.99,"SAR filed, account closed, and adverse media linking to fraud investigation."
383,0,0.95,No suspicious activity identified and case closed without additional action.
384,0,1.0,Clean case with no suspicious activity identified and no adverse action taken.
385,1,0.99,SAR filed and account closed — explicit outcome.
386,0,1.0,Explicit outcome: case closed / no action / monitoring only.
387,1,0.95,SAR filed and account restricted — explicit adverse action.
388,0,0.95,Account remains open with no adverse actions or signals.
389,1,0.99,SAR filed and account closed due to OFAC secondary sanctions.
390,1,0.95,SAR filed and explicit structuring behavior confirmed.
391,0,1.0,Explicit outcome: case closed/no action
392,0,0.9,"Explicit outcome: no SAR, referral, or legal hold and account remains open."
393,0,1.0,"Explicit outcome: no suspicious activity identified, account remains open, and no adverse action required."
394,1,0.95,"SAR filed, account restricted — strong signal of laundering."
395,1,0.95,SAR filed and source of wealth unverifiable with escalation
396,1,0.95,SAR filed and account closed — explicit outcome.
397,1,0.95,"SAR filed, account closed, and clear financial crime indicators."
398,0,0.8,"No suspicious activity identified, no adverse action taken or SAR filed."
399,0,1.0,Explicit outcome: case closed with no suspicious activity.
400,0,1.0,Explicit outcome: case closed with no suspicious activity found.
401,0,1.0,"No suspicious activity identified and no SAR, referral or legal hold."
402,0,1.0,"No suspicious activity, no SAR or referral."
403,0,0.95,No SAR filed and case was closed without any adverse findings.
404,0,1.0,Case explicitly states 'Case closed' and no suspicious activity was found.
405,1,0.99,SAR filed and explicit indication of fraudulent activity.
406,0,1.0,No suspicious activity identified and source of wealth is fully documented.
407,1,0.99,SAR filed and explicit mention of financial fraud investigation.
408,1,0.95,SAR filed and account closed due to confirmed sanctions evasion indicators.
409,1,0.95,SAR filed and account closed — explicit outcome.
410,0,1.0,Explicit clean outcome with no adverse actions or signals.
411,0,1.0,No suspicious activity identified and case was closed with no adverse findings.
412,1,0.95,"SAR filed, law enforcement hold, and account cancellation — explicit adverse actions."
413,1,0.95,SAR filed and account closed — explicit outcome.
414,1,0.98,"Confirmed trade-based money laundering indicators, including over-invoicing and unverifiable counterparty."
415,1,0.95,SAR filed and account closed — explicit outcome.
416,0,0.95,"No SAR filed, no account restrictions, and all KYC up to date — clean review."
417,1,0.95,SAR filed and account closed — explicit outcome.
418,0,1.0,"Explicit outcome: no SAR filed, account remains open, case closed with no action"
419,0,0.95,Explicit outcome — no suspicious activity and no action warranted.
420,1,0.95,"SAR filed, account restricted and clear indicators of trade-based money laundering."
421,1,0.98,"SAR filed, account closed — explicit outcome."
422,0,1.0,Explicit outcome: case closed with no adverse findings.
423,1,0.95,Confirmed financial crime indicators and SAR filed — explicit outcome.
424,0,1.0,Explicit negative outcome and no adverse findings.
425,0,0.9,"SAR not filed, account remains open and no adverse action taken."
426,0,1.0,Explicit outcome: case closed with no action.
427,0,1.0,"No suspicious activity identified, and no adverse action taken."
428,0,1.0,Clear narrative stating review as 'negative' and no action required.
429,1,0.95,SAR filed and account restricted — explicit outcome.
430,1,0.95,"SAR filed, account restricted — explicit adverse action."
431,1,0.98,"SAR filed, account closed, and adverse media links to financial fraud investigation."
432,1,0.99,"SAR filed, account closed and unverifiable source of funds."
433,1,0.99,"SAR filed, account cancelled and law enforcement hold — explicit indicators of adverse activity."
434,0,0.95,"No SAR filed, account remains open, and no adverse action taken."
435,0,1.0,"No suspicious activity, and outcome states case closed/no action/monitoring only."
436,1,0.95,SAR filed and account closed indicate explicit outcome.
437,1,0.99,SAR filed and account closed — explicit outcome.
438,0,0.8,"No suspicious activity identified, and only enhanced monitoring recommended."
439,0,1.0,"No suspicious patterns, no adverse media or watchlist hits, and account is active with no action required."
440,0,1.0,"No suspicious activity, no SAR or referral, and all KYC up to date."
441,0,1.0,"Clean review with no adverse findings, and all requirements on file."
442,0,1.0,Explicitly stated as a negative outcome with no adverse action.
443,1,0.99,SAR filed and account cancelled — explicit outcome.
444,1,0.98,SAR filed and confirmed financial crime indicators (OFAC secondary sanctions).
445,1,0.95,SAR filed and account closed — explicit outcome.
446,0,0.9,Explicit outcome: case closed with no suspicious activity.
447,1,0.95,SAR filed and account closed — explicit outcome.
448,1,0.95,SAR filed and structuring behavior confirmed.
449,0,1.0,"Explicit outcome — no suspicious activity identified, and enhanced monitoring continued."
450,0,0.9,Explicit outcome stating 'no suspicious activity identified'.
451,0,1.0,"Explicit outcome: no suspicious activity identified, case closed and no action required."
452,1,0.95,SAR filed and account closed — explicit outcome.
453,0,1.0,No suspicious activity identified and case closed without additional action.
454,1,0.95,SAR filed and explicit mention of financial fraud investigation.
455,1,0.98,SAR filed and account closed — explicit outcome.
456,1,0.9,"SAR filed, source of wealth unverifiable, and relationship flagged for exit."
457,1,0.99,"SAR filed, account closed due to direct link to darknet marketplace."
458,1,0.95,SAR filed and significant money laundering indicators present.
459,1,0.95,SAR filed and account closed due to OFAC secondary sanctions exposure
460,1,0.95,SAR filed and account closed — explicit outcome.
461,1,0.95,SAR filed and relationship terminated — strong adverse signals.
462,1,0.95,"SAR filed, relationship exited, and clear links to narcotics trafficking organization."
463,1,0.9,SAR filed and relationship terminated — explicit outcome.
464,0,0.95,Explicit outcome — case closed with no adverse findings.
465,1,0.99,SAR filed and explicit mention of financial fraud investigation.
466,0,1.0,"Explicit outcome: case closed, no action required."
467,0,1.0,"No adverse findings, case closed."
468,1,0.95,"SAR filed, account closed and explicit mention of suspected structuring patterns."
469,0,1.0,Explicit outcome: case closed with no action required.
470,0,1.0,Explicit outcome: EDD closed with no action.
471,0,1.0,"No suspicious activity identified, case closed without further action."
472,1,0.95,SAR filed and account relationship terminated — explicit outcome.
473,0,0.95,No suspicious activity identified and account remains open.
474,0,0.9,"Explicit outcome: case closed, no adverse action."
475,1,0.98,SAR filed and explicit mention of structuring behavior.
476,0,1.0,"No suspicious activity identified, no adverse action required."
477,1,0.99,SAR filed and account closed due to confirmed sanctions evasion.
478,0,1.0,Explicit outcome: case closed / no action.
479,1,0.99,SAR filed and account closed — explicit outcome.
480,1,0.95,SAR filed and explicit mention of financial fraud investigation.
481,0,0.9,Explicit outcome stating 'No suspicious activity identified' with enhanced monitoring only.
482,1,0.99,SAR filed and explicit mention of financial fraud investigation.
483,0,1.0,"Explicit outcome: no suspicious activity identified, negative EDD outcome."
484,1,0.9,SAR filed and relationship terminated — explicit outcome.
485,0,0.9,Explicit outcome: case closed and no suspicious activity found.
486,0,1.0,No suspicious activity and no adverse findings.
487,1,0.99,SAR filed and account closed — explicit outcome.
488,1,0.99,SAR filed and account closed — explicit outcome.
489,0,1.0,"Explicit outcome: no adverse actions, clean history, and source of funds explained."
490,1,0.95,SAR filed and source of wealth unverifiable — explicit outcome.
491,1,0.95,SAR filed and source of wealth unverifiable — strong adverse signals.
492,1,0.99,"SAR filed, account closed — explicit outcome."
493,0,1.0,Explicit mention of 'EDD outcome negative' and no adverse indicators present.
494,0,0.95,"No SAR filed, no account restrictions, and all documentation is up-to-date."
495,0,0.9,No suspicious activity identified and case closed without additional action.
496,0,1.0,Explicit outcome: case closed without additional action.
497,1,0.95,"SAR filed, account closed, and unverifiable source of funds with suspicious transactions."
498,0,1.0,Explicit outcome: no suspicious activity identified and monitoring only.
499,1,0.95,"SAR filed and source of wealth unverifiable, with other red flags"
500,0,1.0,No suspicious activity identified and outcome states case closed/no action.
501,0,1.0,"No suspicious activity found, case explicitly closed as clean."
502,0,1.0,No suspicious activity identified and account remains open.
503,1,0.99,SAR filed and account closed — explicit outcome.
504,0,0.9,Explicit outcome stating 'No suspicious activity identified'.
505,1,0.99,"SAR filed, account restricted due to confirmed structuring behavior."
506,0,0.9,Explicit outcome: case closed/no action/monitoring only.
507,1,0.95,SAR filed and relationship terminated — explicit adverse action indicators.
508,0,1.0,"No adverse signals, source of wealth documented, and no suspicious activity identified."
509,1,0.9,SAR filed and account relationship terminated — explicit outcome.
510,1,0.95,SAR filed and account closed — explicit outcome.
511,1,0.99,"SAR filed, account restricted and trade-based money laundering indicators present."
512,0,1.0,"Explicit outcome: no suspicious patterns, no SAR, and account remains open."
513,0,1.0,Clean review with no adverse findings or actions.
514,1,0.99,SAR filed and account closed — explicit outcome.
515,1,0.98,SAR filed and account closed — explicit outcome.
516,1,0.99,SAR filed and account closed due to OFAC secondary sanctions.
517,1,0.95,SAR filed and confirmed financial crime indicators present
518,0,1.0,"No suspicious activity, source of wealth fully documented, and no adverse media or sanctions matches."
519,0,1.0,Explicit outcome: case closed with no adverse findings.
520,0,1.0,Clean review with no adverse findings.
521,0,0.95,Explicit narrative states 'EDD outcome negative' and 'No action required'.
522,0,1.0,Explicit outcome: case closed with no adverse findings.
523,0,1.0,Explicit outcome — case closed with no adverse findings.
524,1,0.95,"SAR filed, account closed, and source of wealth unverifiable with multiple failed documentation requests."
525,1,0.99,SAR filed and OFAC secondary sanctions involvement — explicit outcome.
526,0,1.0,No suspicious activity identified and no adverse actions taken.
527,0,1.0,Case explicitly states 'case closed' with no adverse action.
528,0,1.0,Explicit outcome: case closed with no adverse findings.
529,1,0.99,SAR filed and account closed — explicit outcome.
530,1,0.95,SAR filed and relationship terminated — explicit outcome.
531,1,0.98,"SAR filed, law enforcement hold, and account cancellation — explicit outcome."
532,1,0.95,"SAR filed, account restricted, and trade-based money laundering indicators present."
533,0,1.0,"Case closed with no adverse findings, explicit clean outcome."
534,1,0.95,SAR filed and account closed — explicit outcome.
535,1,0.95,SAR filed and clear evidence of suspicious activity.
536,1,0.95,SAR filed and account closed — explicit outcome.
537,0,0.9,"Explicit outcome: no suspicious activity identified, case closed with no action."
538,1,0.95,"SAR filed, law enforcement hold, and account cancellation indicate explicit adverse action."
539,1,0.95,"SAR filed, trade-based money laundering indicators confirmed."
540,0,1.0,"Explicit outcome — no suspicious activity, no SAR, and all clean-case indicators present."
541,0,1.0,"Explicit outcome: case closed, no suspicious activity found."
542,1,0.95,SAR filed and significant trade-based money laundering indicators present.
543,1,0.99,SAR filed and explicit adverse media findings.
544,1,0.99,SAR filed and account closed indicate adverse action.
545,0,1.0,Explicit outcome: review was clean and no action was required.
546,1,0.99,SAR filed and account closed due to OFAC secondary sanctions.
547,0,1.0,Explicit outcome: EDD outcome negative and no action required.
548,0,0.9,"Explicit outcome, no adverse signals or actions taken."
549,1,0.95,SAR filed and account closed — explicit outcome.
550,1,0.95,SAR filed and account closed — explicit outcome.
551,1,0.95,"SAR filed, account cancelled and law enforcement hold — explicit outcome."
552,1,0.95,"SAR filed, account closed — explicit outcome."
553,0,1.0,No suspicious activity identified and no adverse action required.
554,1,0.98,SAR filed and account restricted — explicit adverse outcome.
555,1,0.99,"SAR filed, account closed and law enforcement involvement indicate explicit adverse action."
556,0,1.0,"Explicit outcome: no suspicious activity identified, source of wealth fully documented, and no adverse media."
557,0,0.95,"No suspicious activity identified, SAR not filed, and outcome states case closed/no action."
558,0,0.9,Explicit outcome of no suspicious activity identified.
559,0,1.0,No suspicious activity identified and no adverse action required.
560,0,0.9,"Explicit outcome: case closed, no action required."
561,0,1.0,Explicit outcome: case closed without additional action.
562,0,1.0,Explicit outcome stating 'EDD outcome negative' and 'No action required'.
563,1,0.98,"SAR filed and account closed, explicit indicators of financial crime."
564,1,0.95,"SAR filed, account restricted, and clear structuring behavior"
565,0,0.95,Case closed with no adverse findings and no SAR filing.
566,1,0.99,"SAR filed, structuring behavior identified, and account restricted — explicit indicators."
567,0,1.0,"Clean review, no adverse findings or actions recommended."
568,0,1.0,"No suspicious activity identified, case closed with no additional action."
569,1,0.95,SAR filed and account closed — explicit outcome.
570,1,0.99,SAR filed and account restriction — explicit adverse action.
571,0,1.0,No suspicious activity identified and no SAR or referral.
572,1,0.95,"SAR filed, law enforcement hold, and account cancelled — explicit outcome."
573,0,1.0,Explicit outcome states 'EDD outcome negative' and 'no action required'.
574,0,1.0,"Clean case with no suspicious activity, no SAR, and no adverse actions."
575,1,0.95,SAR filed and clear evidence of structuring behavior.
576,0,1.0,No suspicious activity identified and case closed without further action.
577,1,0.95,SAR filed and OFAC secondary sanctions involved — explicit outcome.
578,0,1.0,Explicit outcome: case closed with no adverse action.
579,0,1.0,Explicit outcome — case closed and no suspicious activity found.
580,0,0.95,"No suspicious activity, no SAR or referral, and no account restrictions."
581,1,0.95,Explicit SAR filed and account closed.
582,0,1.0,Outcome explicitly states 'No suspicious activity identified' and monitoring only.
583,0,0.9,No suspicious activity identified and no adverse action required.
584,1,0.95,SAR filed and account closed due to clear sanctions evasion indicators.
585,0,1.0,Explicit outcome: EDD outcome negative and no action required.
586,1,0.95,SAR filed and account closed — explicit outcome.
587,0,1.0,No suspicious activity identified and case closed without additional action.
588,0,0.9,Explicit outcome of case closed with no suspicious activity identified.
589,0,1.0,Explicit outcome: case closed with no adverse action.
590,0,1.0,"No adverse signals, source of wealth fully documented."
591,0,1.0,Explicit outcome: case closed / no action
592,1,0.95,SAR filed and multiple indicators of potential sanctions evasion.
593,1,0.95,"SAR filed, layering pattern identified, and relationship terminated — strong signals of money laundering."
594,0,0.95,No suspicious patterns and no adverse action recommended.
595,1,0.95,SAR filed and account closed — explicit outcome.
596,1,0.95,SAR filed and account closed — explicit outcome.
597,1,0.98,"SAR filed, account closed, and financial crime indicators present."
598,1,0.99,"SAR filed, trade-based money laundering indicators present and verified."
599,0,1.0,"Explicit outcome: no adverse findings, account remains open with monitoring only."
600,0,1.0,No suspicious activity identified and all clear indications.
601,0,1.0,Explicit outcome: 'No suspicious activity identified'.
602,0,1.0,"No suspicious activity identified, no SAR or referral."
603,0,1.0,"Explicit clean case indicators: no adverse media, no PEP or sanctions matches, and fully documented source of wealth."
604,1,0.98,"SAR filed, significant over-invoicing patterns consistent with trade-based money laundering"
605,0,1.0,Explicit outcome: EDD closed with no action.
606,1,0.99,SAR filed and account closed — explicit outcome.
607,1,0.95,"SAR filed, account closed, and identified financial crime indicators."
608,1,0.95,SAR filed and account restricted — explicit adverse findings.
609,1,0.98,"SAR filed and source of wealth unverifiable, explicit indicators of suspicious activity."
610,1,0.99,SAR filed and account closed — explicit outcome.
611,0,1.0,No adverse findings or indications of risk.
612,1,0.99,"SAR filed, account restricted, and explicit mention of structuring behavior."
613,0,1.0,Explicit mention of a negative EDD outcome and no adverse action.
614,1,0.95,SAR filed and account closed (and other adverse actions)
615,0,1.0,"No SAR filed, no account restrictions, and outcome states 'no further action'."
616,0,1.0,Explicit outcome: case closed with no adverse findings.
617,0,1.0,Explicit outcome: case closed and no suspicious activity found.
618,0,1.0,"Explicit outcome: case closed, no suspicious activity found."
619,0,1.0,No suspicious activity and no adverse action mentioned.
620,0,1.0,Explicit outcome: case closed and no suspicious activity found.
621,0,0.8,No suspicious activity identified and no adverse action taken.
622,1,0.99,SAR filed and account closed — explicit outcome.
623,0,1.0,Explicit outcome: case closed / no action.
624,0,0.95,Explicit outcome: case closed / no action.
625,1,0.95,SAR filed and account restricted — explicit outcome.
626,0,1.0,"Explicit outcome: case closed without action, no suspicious activity identified."
627,1,0.98,SAR filed and account closed — explicit outcome.
628,0,1.0,"Explicit outcome: no suspicious activity, and case closed/no action."
629,0,1.0,"No suspicious patterns, no SAR filed, and no adverse actions recommended."
630,1,0.95,"SAR filed, account closed, and explicit mention of unverifiable source of wealth."
631,1,0.95,SAR filed and confirmed connection to narcotics trafficking organization.
632,0,1.0,"No adverse findings, source of wealth documented, and no suspicious activity."
633,0,1.0,Explicit outcome — case closed and no suspicious activity found.
634,1,0.95,SAR filed and source of wealth unverifiable due to customer's non-cooperation.
635,1,0.95,SAR filed and relationship terminated — explicit outcome.
636,1,0.95,SAR filed and significant trade-based money laundering indicators present.
637,0,0.9,Explicit outcome: No suspicious activity identified.
638,1,0.95,"SAR filed, account closed, and numerous red flags present."
639,1,0.95,SAR filed and account closed — explicit outcome.
640,1,0.95,SAR filed and account closed/relationship terminated — strong adverse action indicators.
641,0,0.95,"No SAR, referral, or legal hold; outcome explicitly states no suspicious activity."
642,0,1.0,Explicit outcome: case closed with no adverse findings.
643,0,0.9,Explicit outcome: case closed with no adverse findings.
644,0,0.9,"Explicit outcome: no suspicious patterns, no adverse media or watchlist hits."
645,0,1.0,No suspicious activity identified and case closed without additional action.
646,1,0.95,SAR filed and account closed — explicit outcome.
647,0,1.0,Explicit outcome: no suspicious activity and no action warranted.
648,0,0.95,Explicit outcome: case closed with no adverse action.
649,0,1.0,"No SAR, referral, or legal hold; account remains open and case closed with no action."
650,1,0.99,SAR filed and account closed — explicit outcome.
651,0,1.0,"No suspicious activity, and no adverse outcome."
652,0,1.0,"Explicit outcome: case closed, no suspicious activity found."
653,1,0.99,"SAR filed, relationship exited, and strong correlation to known narcotics trafficking organization."
654,1,0.99,SAR filed and account closed due to OFAC secondary sanctions
655,1,0.95,SAR filed and confirmed narcotics trafficking ties.
656,1,0.95,"SAR filed, account closed and identified suspicious activity."
657,0,0.9,Explicit outcome — case closed and no action required.
658,1,0.99,"SAR filed and multiple red flags, including ties to narcotics trafficking organization."
659,1,0.99,SAR filed and relationship terminated — strong signals for adverse action.
660,1,0.99,SAR filed and account closed — explicit outcome.
661,1,0.98,"SAR filed, law enforcement hold, and account cancellation indicate explicit adverse action."
662,1,0.95,"SAR filed, account restricted, and multiple financial crime indicators present."
663,0,0.9,Explicit outcome stating 'case closed' and no suspicious activity found.
664,0,1.0,"Explicit outcome: case closed, no action taken."
665,1,0.95,"SAR filed and significant adverse findings, including prior SAR history."
666,0,0.9,"Case was explicitly closed with no adverse findings, resolving the alert."
667,0,1.0,"Explicit outcome: no suspicious activity, case closed/no action"
668,1,0.99,SAR filed and clear signs of trade-based money laundering
669,1,0.99,SAR filed and confirmed narcotics trafficking link.
670,1,0.95,"SAR filed, relationship exited, and explicit mention of connection to narcotics trafficking organization."
671,1,0.95,SAR filed and significant money laundering indicators present.
672,1,0.95,SAR filed and confirmed OFAC secondary sanctions indicators.
673,0,0.95,Outcome explicitly states 'No suspicious activity identified' with enhanced monitoring only.
674,0,0.9,"Explicit outcome: case closed, no adverse action."
675,1,0.95,SAR filed and source of wealth unverifiable.
676,0,1.0,Explicit outcome: case closed and no suspicious activity found.
677,0,1.0,Explicit negative outcome and no action required.
678,1,0.95,SAR filed and account closed explicitly indicate adverse action.
679,0,1.0,No suspicious activity identified and no adverse action required.
680,0,1.0,No suspicious activity identified and outcome states case closed / no action.
681,0,1.0,"No suspicious activity, case closed with no action."
682,0,1.0,No suspicious activity identified and case closed without additional action.
683,1,0.95,"SAR filed, account closed, and adverse media investigation indicators."
684,1,0.99,SAR filed and account closed — explicit outcome.
685,0,0.75,"No SAR filed, account remains open, and only enhanced monitoring recommended."
686,0,1.0,Explicit outcome: case closed / no action.
687,0,1.0,"No suspicious patterns, clean account history, and no adverse findings."
688,0,1.0,Explicit outcome — case closed / no action.
689,0,1.0,Explicit outcome: case closed/no action/monitoring only.
690,0,1.0,"No suspicious activity identified, and case closed without additional action."
691,0,1.0,Explicit clean outcome with no adverse actions or indicators.
692,0,0.9,No suspicious activity identified and no adverse action taken.
693,1,0.95,SAR filed and account closed — explicit outcome.
694,1,0.95,SAR filed and account closed — explicit outcome.
695,0,1.0,"Case closed with no adverse findings, and SAR not filed."
696,1,0.95,SAR filed and clear adverse action taken against the relationship.
697,1,0.95,SAR filed and account closed — explicit outcome.
698,1,0.95,SAR filed and explicit mention of fraud in adverse media review.
699,1,0.99,SAR filed and account restricted due to confirmed structuring behavior.
700,1,0.95,SAR filed and account closed — explicit outcome.
701,1,0.95,SAR filed and account closed — explicit outcome.
702,1,0.95,SAR filed and explicit mention of financial fraud investigation.
703,1,0.95,SAR filed and account restricted indicate explicit adverse action.
704,0,0.9,No suspicious activity identified and case closed without further action.
705,1,0.95,"SAR filed, account closed and law enforcement hold — explicit adverse indicators."
706,1,0.95,"SAR filed, account closed, and adverse media links to financial fraud investigation."
707,0,0.98,No suspicious activity identified and case closed without additional action.
708,1,0.95,SAR filed and relationship terminated — explicit outcome.
709,1,0.95,SAR filed and account closed — explicit outcome.
710,1,0.98,SAR filed and clear evidence of financial fraud investigation.
711,0,1.0,"Explicit outcome: case closed, no suspicious activity found."
712,1,0.95,SAR filed and source of wealth unverifiable with escalation.
713,0,0.9,Explicit outcome: case closed with no adverse findings.
714,0,1.0,"Explicit outcome, no suspicious patterns found and case closed."
715,1,0.98,SAR filed and account closed — explicit outcome.
716,0,1.0,Explicit outcome: case closed with no adverse findings.
717,0,0.9,"Explicit outcome: no SAR, no adverse action, and next review scheduled."
718,1,0.95,SAR filed and account closed — explicit outcome.
719,0,1.0,Explicit outcome — case closed with no adverse findings.
720,1,0.95,SAR filed and account closed — explicit outcome.
721,0,1.0,No suspicious activity identified and account remains open.
722,1,0.9,SAR filed and source of wealth unverifiable.
723,0,1.0,"No suspicious activity, case closed with no action."
724,1,0.99,"SAR filed, account cancelled and law enforcement involvement present."
725,1,0.98,SAR filed and account closed — explicit outcome.
726,0,0.9,Explicit outcome of 'No suspicious activity identified'.
727,0,1.0,Clean review with no suspicious activity or adverse findings.
728,1,0.99,"SAR filed, account closed and confirmed financial crime indicators."
729,0,1.0,No suspicious activity identified and no adverse action required.
730,0,1.0,Explicit outcome: case closed with no adverse findings.
731,0,0.9,"Explicit outcome: no suspicious activity, source of wealth fully documented."
732,0,1.0,Explicit outcome — no suspicious activity identified and enhanced monitoring recommended.
733,1,0.95,SAR filed and explicit mention of financial fraud investigation.
734,0,1.0,No suspicious activity identified and no adverse action required.
735,1,0.99,SAR filed and account closed — explicit outcome.
736,0,1.0,No suspicious activity identified and case closed with no further action.
737,1,0.95,"SAR filed, customer's connection to narcotics trafficking organization confirmed."
738,1,0.99,SAR filed and account closed — explicit outcome.
739,0,1.0,Explicit outcome: case closed with no adverse findings.
740,0,0.9,No suspicious activity identified and case closed without further action.
741,0,1.0,"No suspicious activity identified, no SAR or referral, and account remains open."
742,1,0.95,SAR filed and account closed with clear sanctions involvement.
743,1,0.99,"Explicit SAR filed, account closed and source of wealth unverifiable."
744,0,0.9,"SAR not filed, no adverse action taken and case closed."
745,0,1.0,No suspicious activity identified and review closed with no action.
746,0,0.95,"No SAR, no account closure or restriction, and clear documentation of source of wealth."
747,0,1.0,"No suspicious activity identified, EDD closed with no action."
748,0,0.9,Explicit outcome: case closed and no suspicious activity found.
749,0,1.0,Explicit outcome: case closed / no action / monitoring only
750,0,0.9,"Explicit outcome: case closed, no adverse action"
751,0,1.0,"Explicit outcome: no adverse action or findings, case closed."
752,0,1.0,"Explicit outcome: no SAR, referral, or legal hold and account remains open."
753,1,0.95,"SAR filed, account closed, and adverse media investigation confirms fraud involvement."
754,1,0.95,SAR filed and account closed — explicit outcome.
755,1,0.99,SAR filed and explicit connections to narcotics trafficking organization.
756,0,0.9,Explicit outcome: case closed and no suspicious activity found.
757,0,1.0,Explicit outcome: case closed and no adverse action.
758,1,0.95,SAR filed and account closed due to explicit evidence of illicit activity.
759,1,0.95,"SAR filed, account closed, and adverse media findings — explicit outcome."
760,1,0.95,SAR filed and source of wealth unverifiable with escalated action
761,0,1.0,Explicit outcome — no suspicious activity identified and review concluded with no action.
762,0,1.0,Explicit outcome: no suspicious activity identified and no adverse action required.
763,0,0.9,"No suspicious activity identified, account remains open and no adverse action required."
764,1,0.98,SAR filed and explicit link to narcotics trafficking organization.
765,1,0.95,SAR filed and clear signs of suspicious activity.
766,0,1.0,"No suspicious activity, no SAR or referral, and all accounts remain open."
767,1,0.95,SAR filed and explicit financial crime indicators present.
768,0,0.95,Explicit outcome stating 'EDD outcome negative' and no adverse action.
769,1,0.99,"SAR filed, account closed and suspicious transactions with PEPs."
770,1,0.99,"SAR filed, account closed due to financial fraud investigation."
771,1,0.95,SAR filed and explicit mention of structuring behavior.
772,1,0.99,SAR filed and account cancelled — explicit outcome.
773,0,1.0,No suspicious activity found and case was explicitly closed.
774,0,1.0,"No suspicious patterns, account has been open for 12 years with no issues."
775,1,0.95,SAR filed and relationship flagged for exit.
776,0,1.0,"No suspicious activity, no SAR or referral mentioned."
777,0,0.95,"No SAR, referral, or legal hold and account remains open with consistent activity."
778,1,0.95,SAR filed and account closed — explicit outcome.
779,1,0.95,SAR filed and account closed — explicit outcome.
780,1,0.99,SAR filed and explicit structuring behavior confirmed.
781,1,0.98,SAR filed and account closed due to confirmed sanctions evasion indicators.
782,0,1.0,No suspicious activity identified and account remains open.
783,0,1.0,Explicit outcome: case closed with no adverse findings.
784,1,0.99,SAR filed and explicit evidence of structuring behavior.
785,0,1.0,"No adverse media, no PEP or sanctions matches, and source of wealth fully documented."
786,1,0.98,SAR filed and account closed — explicit outcome.
787,1,0.95,"SAR filed, account cancelled and law enforcement involvement"
788,1,0.98,SAR filed and account closed — explicit outcome.
789,0,1.0,"Explicit outcome: no suspicious activity identified, case closed/no action/monitoring only."
790,1,0.98,"SAR filed, account closed, and confirmed financial crime indicators."
791,0,1.0,Explicit clean outcome with no adverse findings or actions recommended.
792,1,0.95,SAR filed and account closed — explicit outcome.
793,1,0.99,SAR filed and account closed — explicit outcome.
794,0,1.0,Explicit outcome — no suspicious activity identified and case closed with enhanced monitoring.
795,0,1.0,No adverse findings and no suspicious activity identified.
796,1,0.95,SAR filed and account closed — explicit outcome.
797,1,0.99,SAR filed and explicit mention of structuring behavior.
798,1,0.95,SAR filed and account closed — explicit outcome.
799,0,1.0,"No suspicious activity, no SAR, and all KYC up to date — clean review."
800,1,0.95,"SAR filed and source of wealth unverifiable, explicit indicators."
801,0,1.0,Explicit outcome: case closed with no adverse findings.
802,0,0.9,Explicit outcome: case closed with no adverse findings.
803,0,1.0,No suspicious activity identified and case closed without additional action.
804,1,0.98,SAR filed and source of wealth unverifiable with escalation.
805,1,0.95,SAR filed and source of wealth unverifiable with escalation.
806,1,0.99,SAR filed and account closed — explicit outcome.
807,0,0.9,No suspicious activity and no adverse action — clear clean case.
808,0,1.0,No suspicious activity identified and case closed without further action.
809,0,1.0,"No suspicious activity identified, all transactions documented."
810,0,1.0,"Explicit outcome: no adverse findings, source of wealth documented."
811,0,1.0,"No adverse signals, thorough documentation, and consistent account behavior."
812,0,1.0,Explicit outcome: EDD outcome negative with no action required.
813,1,0.95,"SAR filed, account closed and law enforcement involvement — explicit outcome."
814,0,1.0,Explicit outcome — 'EDD outcome negative' and 'No action required'.
815,1,0.98,Confirmed financial crime indicators and SAR filed — explicit outcome.
816,1,0.95,Explicit confirmation of trade-based money laundering and SAR filing.
817,1,0.95,SAR filed and explicit mention of OFAC secondary sanctions.
818,0,1.0,Explicit clean outcome — case closed with no suspicious activity.
819,0,1.0,"Explicit outcome: case closed, no action required."
820,1,0.99,SAR filed and source of wealth unverifiable.
821,1,0.95,SAR filed and clear connections to narcotics trafficking organization identified.
822,0,1.0,"No suspicious activity identified, SAR not filed, and case closed/no action."
823,1,0.98,SAR filed and account closed — explicit outcome.
824,1,0.95,SAR filed and strong correlation to narcotics trafficking organization.
825,0,0.9,"Explicit outcome, no adverse signals."
826,1,0.95,SAR filed and clear evidence of fraud involvement
827,0,0.9,"Explicit outcome: case closed, no adverse action."
828,0,0.9,"Explicit outcome — no suspicious activity, no adverse media, and source of wealth fully documented."
829,1,0.95,SAR filed and account closed — explicit outcome.
830,1,0.98,SAR filed and account terminated — explicit outcome.
831,0,1.0,"No suspicious activity identified, case closed without additional action."
832,0,1.0,"No suspicious activity identified, and no adverse action required."
833,0,1.0,"Explicit outcome: no suspicious activity identified, account remains open and review closed with no action."
834,1,0.99,SAR filed and account restricted — explicit adverse action.
835,1,0.95,SAR filed and explicit mention of financial fraud investigation.
836,1,0.95,SAR filed and significant trade-based money laundering indicators identified.
837,1,0.95,SAR filed and account closed — explicit outcome.
838,1,0.95,SAR filed and clear indication of sanctions evasion.
839,1,0.95,SAR filed and account closed — explicit outcome.
840,0,0.9,"Explicit outcome, case closed with no action required."
841,1,0.95,"SAR filed, account closed and source of wealth unverifiable."
842,1,0.95,SAR filed and account closed — explicit outcome.
843,0,0.9,"No suspicious activity identified, and no adverse action taken."
844,1,0.95,"SAR filed, law enforcement hold, and account cancellation indicate a clear adverse outcome."
845,1,0.95,SAR filed and account restrictions indicate clear adverse action.
846,0,1.0,"No suspicious activity identified, case closed with no further action."
847,1,0.99,SAR filed and account closed — explicit outcome.
848,0,1.0,"No suspicious activity identified, stable employment and well-documented income."
849,1,0.99,SAR filed and account closed — explicit outcome.
850,0,1.0,"Explicit outcome: no suspicious patterns, EDD closed with no action required."
851,1,0.95,"SAR filed, law enforcement hold, and account cancellation indicate explicit adverse outcome."
852,0,0.9,"SAR not filed, no adverse action taken and case closed."
853,1,0.95,SAR filed and relationship terminated — strong positive indicators.
854,0,1.0,Explicit outcome: case closed with no adverse findings.
855,0,1.0,No suspicious activity identified and account remains open.
856,0,1.0,"No SAR filed, no account restrictions, and clear documentation support a clean review."
857,1,0.98,SAR filed and account closed — explicit outcome.
858,0,0.9,Explicit outcome: case closed with no adverse findings.
859,0,1.0,"Explicit outcome: clean review, no adverse action required."
860,0,1.0,"Clean case with no adverse signals, explicit outcome of 'negative' and 'no action required'."
861,0,1.0,"No suspicious activity identified, SAR not filed and account remains open"
862,1,0.98,SAR filed and account closed — explicit outcome.
863,1,0.98,SAR filed and multiple strong indicators of narcotics trafficking connection.
864,1,0.95,SAR filed and account closed — explicit outcome.
865,1,0.99,SAR filed and account closed — explicit outcome.
866,0,1.0,"No suspicious activity identified, no adverse action taken."
867,1,0.95,SAR filed and account restricted — explicit adverse action.
868,1,0.98,SAR filed and account restricted — explicit outcome.
869,1,0.98,SAR filed and account closed — explicit outcome.
870,1,0.95,SAR filed and structuring behavior confirmed — explicit outcome.
871,1,0.9,SAR filed and source of wealth unverifiable
872,1,0.99,SAR filed and account closed confirm adverse action.
873,0,0.95,"Explicit outcome, case closed with no adverse action."
874,1,0.99,SAR filed and account closed — explicit outcome.
875,1,0.95,SAR filed and account closed — explicit outcome.
876,0,1.0,"No suspicious activity identified, case closed without additional action."
877,0,1.0,No suspicious activity found and case closed — explicit outcome.
878,1,0.95,SAR filed and account closed — explicit outcome.
879,0,1.0,Explicit outcome — case closed with no adverse action.
880,1,0.95,SAR filed and structuring behavior confirmed — explicit outcome.
881,1,0.95,SAR filed and account closed — explicit outcome.
882,0,1.0,Explicit outcome — case closed with no action.
883,1,0.95,"SAR filed, account closed, and law enforcement hold — explicit outcome."
884,0,0.9,Explicit outcome — no suspicious activity identified.
885,0,1.0,No adverse action taken and account considered clean-case.
886,0,0.95,"No suspicious activity, no SAR or referral, case closed with no further action."
887,1,0.95,"SAR filed, law enforcement hold, and account cancellation indicate explicit adverse action."
888,1,0.95,SAR filed and account restricted — explicit outcome.
889,1,0.95,SAR filed and account closed due to OFAC secondary sanctions and a sanctioned entity.
890,0,1.0,Explicit outcome — 'No suspicious patterns' and no action required.
891,0,1.0,No suspicious activity and no adverse findings — clean case.
892,1,0.95,SAR filed and explicit mention of financial fraud investigation.
893,0,1.0,Explicit outcome — case closed with no adverse findings.
894,0,1.0,Explicit outcome: No suspicious activity identified and only enhanced monitoring recommended.
895,1,0.98,SAR filed and account closed — explicit outcome.
896,0,1.0,Explicit outcome: no suspicious activity identified and case closed.
897,1,0.95,SAR filed and account closed — explicit outcome.
898,0,0.95,No suspicious activity identified and case closed without additional action.
899,1,0.99,SAR filed and confirmed structuring behavior — explicit outcome.
900,1,0.99,"SAR filed, account cancelled and law enforcement hold — explicit outcome."
901,0,1.0,No suspicious activity identified and case closed without further action.
902,0,1.0,Explicit outcome: case closed / no action.
903,0,0.9,Explicit outcome: clean review with no suspicious activity identified and next review scheduled.
904,0,1.0,Clear outcome: no suspicious activity identified and account remains open for future review.
905,1,0.98,SAR filed and consistent structuring behavior — explicit outcome.
906,1,0.99,SAR filed and account closed — explicit outcome.
907,1,0.95,SAR filed and account closed — explicit outcome.
908,1,0.99,SAR filed and account closed — explicit outcome.
909,0,1.0,No suspicious activity identified and no adverse actions required.
910,1,0.95,SAR filed and account closed — explicit outcome.
911,0,0.99,No suspicious activity identified and no adverse action required.
912,1,0.99,SAR filed and account closed — explicit outcome.
913,0,1.0,"No adverse findings, SAR not filed, and case closed."
914,1,0.95,SAR filed and clear indication of financial fraud linked to the customer.
915,1,0.99,SAR filed and account closed — explicit outcome.
916,1,0.95,"SAR filed, relationship exited, and narcotics trafficking organization link found."
917,1,0.98,SAR filed and source of wealth unverifiable — strong signals.
918,0,0.95,Clear indication of no adverse findings and next review scheduled.
919,0,1.0,Explicit outcome: case closed with no adverse findings.
920,0,1.0,"Clean case with no adverse findings, no further action required."
921,0,0.95,Explicit outcome: case closed / no action.
922,1,0.95,SAR filed and multiple connections to narcotics trafficking organization.
923,0,1.0,No suspicious activity identified and case closed without additional action.
924,1,0.95,SAR filed and clear ties to narcotics trafficking organization.
925,0,1.0,Explicit outcome: case closed with no adverse findings.
926,0,1.0,Explicit outcome — no suspicious activity identified and enhanced monitoring recommended.
927,0,1.0,Explicit outcome — case closed with no adverse findings.
928,0,1.0,"No suspicious activity, clean review with all necessary documents up to date."
929,1,0.95,SAR filed and account closed — explicit outcome.
930,0,1.0,"Explicit outcome: case closed, no action required."
931,0,1.0,Explicit outcome states 'negative' and 'no action required'.
932,1,0.99,SAR filed and account closed — explicit outcome.
933,1,0.95,SAR filed and account closed — explicit outcome.
934,1,0.95,SAR filed and consistent structuring behavior confirmed.
935,1,0.95,SAR filed and account closed — explicit outcome.
936,0,1.0,No suspicious activity and no adverse action.
937,1,0.99,SAR filed and account closed — explicit outcome.
938,0,1.0,Explicit mention of 'no suspicious activity identified' and 'no further action required'.
939,1,0.95,SAR filed and beneficial ownership unverified.
940,0,1.0,No suspicious activity and no adverse action recommended.
941,1,0.98,"SAR filed, account closed, and adverse media review."
942,1,0.99,SAR filed and explicit trade-based money laundering indicators.
943,1,0.95,SAR filed and account closed — explicit outcome.
944,1,0.98,SAR filed and account closed — explicit outcome.
945,0,1.0,"No adverse findings or actions, clean review outcome."
946,0,0.95,Explicit outcome: case closed and no suspicious activity found.
947,0,1.0,"Explicit outcome: no suspicious patterns, no adverse action."
948,0,0.9,Explicit outcome: no suspicious activity identified and enhanced monitoring recommended.
949,0,1.0,Explicit outcome: case closed and no suspicious activity found.
950,0,0.9,Explicit outcome — no suspicious activity identified and enhanced monitoring recommended.
951,0,0.95,Outcome explicitly states 'No suspicious activity identified' with enhanced monitoring recommended.
952,0,0.95,"No suspicious activity identified, and a clear source of wealth documented."
953,0,1.0,No suspicious activity identified and outcome states case closed/no action.
954,0,0.95,Explicit clean case with no adverse findings.
955,0,1.0,"Explicit outcome: case closed, no suspicious activity found."
956,0,1.0,"Explicit outcome: No adverse actions, no SARs."
957,0,1.0,Explicit outcome: No suspicious activity identified and no adverse action taken.
958,1,0.95,"SAR filed, account closed and unverifiable source of wealth."
959,0,0.99,No suspicious activity identified and review was closed with no action.
960,0,1.0,No suspicious activity identified and case closed without additional action.
961,0,1.0,"No adverse media, no PEP or sanctions matches, and full documentation of source of wealth."
962,0,0.9,Explicit outcome — 'No suspicious activity identified' and enhanced monitoring only.
963,0,1.0,"No suspicious activity identified, source of wealth documented and confirmed, clean review."
964,0,0.9,"Explicit outcome: case closed, no action taken."
965,0,0.9,Explicit outcome: clean case with no adverse findings.
966,0,1.0,Explicit outcome: case closed with no action required.
967,0,1.0,"Alert resolved, case closed with no adverse findings."
968,0,0.99,No suspicious activity identified and case closed without additional action.
969,1,0.95,"SAR filed, account cancelled and law enforcement hold — explicit outcome."
970,0,1.0,"No suspicious activity identified, account remains open with no further action"
971,0,1.0,Explicit outcome: case closed with no adverse action.
972,0,0.9,"No suspicious activity identified, with clear documentation and a legitimate business purpose."
973,1,0.98,Confirmed trade-based money laundering indicators and SAR filing.
974,0,1.0,Explicit outcome: case closed with no action required.
975,0,0.9,"Explicit outcome: case closed, no action required."
976,1,0.95,SAR filed and account closed — explicit outcome.
977,0,1.0,Explicit outcome — case closed/no action/monitoring only.
978,0,1.0,"No suspicious activity identified, and the case was closed with no further action."
979,1,0.95,SAR filed and relationship terminated — explicit outcome.
980,0,0.95,"No SAR, referral, or legal hold; account remains open and scheduled for another review."
981,0,1.0,No suspicious activity identified and case closed without additional action.
982,0,0.9,Explicit outcome: no suspicious activity identified and enhanced monitoring only
983,0,1.0,No suspicious activity identified and case closed with no further action.
984,0,1.0,No suspicious activity identified and no adverse action required.
985,0,0.9,"Explicit outcome: case closed, no adverse action."
986,0,0.95,"Explicit outcome: case closed, no suspicious activity found."
987,0,0.9,Explicit outcome: case closed with no suspicious activity found.
988,1,0.98,SAR filed and account restricted — strong indicators of money laundering.
989,0,1.0,"No suspicious activity, source of wealth fully documented, and no adverse media."
990,0,1.0,Explicit outcome: no suspicious activity identified and no adverse action required.
991,1,0.95,SAR filed and source of wealth unverifiable.
992,0,1.0,Explicit negative outcome and no action required.
993,1,0.95,SAR filed and relationship terminated — explicit outcome.
994,0,1.0,Explicit outcome: case closed/no action/monitoring only.
995,1,0.95,SAR filed and relationship terminated — explicit outcome.
996,1,0.95,SAR filed and account restricted — explicit outcome.
997,0,0.9,Explicit outcome: case closed with no action
998,0,0.9,No suspicious activity identified and no adverse actions required.
999,0,1.0,"No suspicious activity, SAR not filed, and no adverse actions taken."
1000,1,0.99,"SAR filed, law enforcement hold, and account cancellation confirm a clear adverse outcome."
